{"cameraMode":{"drawMode":0,"name":"Shaded","section":"Shading Mode"},"sceneLighting":true,"audioPlay":false,"sceneViewState":{"showFog":true,"showMaterialUpdate":false,"showSkybox":true,"showFlares":true,"showImageEffects":true,"showParticleSystems":true},"in2DMode":false,"pivot":{"x":0.063407301902771,"y":7.277454853057861,"z":-1.6032147407531739},"rotation":{"x":-0.025470945984125139,"y":0.04556236043572426,"z":-0.0011616426054388285,"w":-0.9986429214477539},"size":7.809428691864014,"orthographic":false}